[
    {
      "name": "فروردین",
      "value": 11
    },
    {
      "name": "اردیبهشت",
      "value": 23
    },
    {
      "name": "خرداد",
      "value": 17
    },
    {
      "name": "تیر",
      "value": 30
    },
    {
      "name": "مرداد",
      "value": 15
    },
    {
      "name": "شهریور",
      "value": 20
    },
    {
      "name": "مهر",
      "value": 10
    },
    {
      "name": "آبان",
      "value": 25
    },
    {
      "name": "آذر",
      "value": 30
    },
    {
      "name": "دی",
      "value": 20
    },
    {
      "name": "بهمن",
      "value": 24
    },
    {
      "name": "اسفند",
      "value": 36
    }
]