[
  { "id":"1400",
    "data":[
      {
        "name": "فروردین",
        "value": 11
      },
      {
        "name": "اردیبهشت",
        "value": 23
      },
      {
        "name": "خرداد",
        "value": 17
      },
      {
        "name": "تیر",
        "value": 30
      },
      {
        "name": "مرداد",
        "value": 15
      },
      {
        "name": "شهریور",
        "value": 20
      },
      {
        "name": "مهر",
        "value": 10
      },
      {
        "name": "آبان",
        "value": 25
      },
      {
        "name": "آذر",
        "value": 30
      },
      {
        "name": "دی",
        "value": 20
      },
      {
        "name": "بهمن",
        "value": 24
      },
      {
        "name": "اسفند",
        "value": 36
      }
    ]

  }, { "id":"1401",
       "data":[
        {
          "name": "فروردین",
          "value": 17
        },
        {
          "name": "اردیبهشت",
          "value": 30
        },
        {
          "name": "خرداد",
          "value": 24
        },
        {
          "name": "تیر",
          "value": 14
        },
        {
          "name": "مرداد",
          "value": 20
        },
        {
          "name": "شهریور",
          "value": 36
        },
        {
          "name": "مهر",
          "value": 27
        },
        {
          "name": "آبان",
          "value": 12
        },
        {
          "name": "آذر",
          "value": 10
        },
        {
          "name": "دی",
          "value": 30
        },
        {
          "name": "بهمن",
          "value": 24
        },
        {
          "name": "اسفند",
          "value": 36
        }
  ]

},
    { "id":"1402",
    "data":[
    {
      "name": "فروردین",
      "value": 16
    },
    {
      "name": "اردیبهشت",
      "value": 36
    },
    {
      "name": "خرداد",
      "value": 10
    },
    {
      "name": "تیر",
      "value": 10
    },
    {
      "name": "مرداد",
      "value": 24
    },
    {
      "name": "شهریور",
      "value": 28
    },
    {
      "name": "مهر",
      "value": 30
    },
    {
      "name": "آبان",
      "value": 28
    },
    {
      "name": "آذر",
      "value": 13
    },
    {
      "name": "دی",
      "value": 18
    },
    {
      "name": "بهمن",
      "value": 36
    },
    {
      "name": "اسفند",
      "value": 10
    }
    ]

  },
  
      { "id":"3",
      "data":[
      {
        "name": "فروردین",
        "value": 10
      },
      {
        "name": "اردیبهشت",
        "value": 20
      },
      {
        "name": "خرداد",
        "value": 24
      },
      {
        "name": "تیر",
        "value": 17
      },
      {
        "name": "مرداد",
        "value": 30
      },
      {
        "name": "شهریور",
        "value": 34
      },
      {
        "name": "مهر",
        "value": 26
      },
      {
        "name": "آبان",
        "value": 13
      },
      {
        "name": "آذر",
        "value": 25
      },
      {
        "name": "دی",
        "value": 34
      },
      {
        "name": "بهمن",
        "value": 20
      },
      {
        "name": "اسفند",
        "value": 10
      }
      ]

    },
    { "id":"ایرانسل",
    "chart1":[
      {
        "name": "فروردین",
        "value": 25
      },
      {
        "name": "اردیبهشت",
        "value": 12
      },
      {
        "name": "خرداد",
        "value": 36
      },
      {
        "name": "تیر",
        "value": 10
      },
      {
        "name": "مرداد",
        "value": 30
      },
      {
        "name": "شهریور",
        "value": 12
      },
      {
        "name": "مهر",
        "value": 20
      },
      {
        "name": "آبان",
        "value": 26
      },
      {
        "name": "آذر",
        "value": 30 
      },
      {
        "name": "دی",
        "value": 12
      },
      {
        "name": "بهمن",
        "value": 24
      },
      {
        "name": "اسفند",
        "value": 30
      }
      ],
    "chart2": [
      {
        "name": "فروردین",
        "value": 28
      },
      {
        "name": "اردیبهشت",
        "value": 15
      },
      {
        "name": "خرداد",
        "value": 40
      },
      {
        "name": "تیر",
        "value": 18
      },
      {
        "name": "مرداد",
        "value": 35
      },
      {
        "name": "شهریور",
        "value": 17
      },
      {
        "name": "مهر",
        "value": 24
      },
      {
        "name": "آبان",
        "value": 32
      },
      {
        "name": "آذر",
        "value": 38
      },
      {
        "name": "دی",
        "value": 18
      },
      {
        "name": "بهمن",
        "value": 30
      },
      {
        "name": "اسفند",
        "value": 36
      }],
    "chart3": [ {
      "name": "فروردین",
      "value": 22
    },
    {
      "name": "اردیبهشت",
      "value": 18
    },
    {
      "name": "خرداد",
      "value": 28
    },
    {
      "name": "تیر",
      "value": 15
    },
    {
      "name": "مرداد",
      "value": 31
    },
    {
      "name": "شهریور",
      "value": 16
    },
    {
      "name": "مهر",
      "value": 25
    },
    {
      "name": "آبان",
      "value": 29
    },
    {
      "name": "آذر",
      "value": 34
    },
    {
      "name": "دی",
      "value": 17
    },
    {
      "name": "بهمن",
      "value": 27
    },
    {
      "name": "اسفند",
      "value": 33
    }],
    "chart4": [ {
      "name": "فروردین",
      "value": 20
    },
    {
      "name": "اردیبهشت",
      "value": 14
    },
    {
      "name": "خرداد",
      "value": 24
    },
    {
      "name": "تیر",
      "value": 12
    },
    {
      "name": "مرداد",
      "value": 28
    },
    {
      "name": "شهریور",
      "value": 16
    },
    {
      "name": "مهر",
      "value": 22
    },
    {
      "name": "آبان",
      "value": 26
    },
    {
      "name": "آذر",
      "value": 32
    },
    {
      "name": "دی",
      "value": 14
    },
    {
      "name": "بهمن",
      "value": 25
    },
    {
      "name": "اسفند",
      "value": 30
    }]
    

  },
  {
    "id": "همراه اول",
    "chart1": [
      {
        "name": "فروردین",
        "value": 10
      },
      {
        "name": "اردیبهشت",
        "value": 27
      },
      {
        "name": "خرداد",
        "value": 15
      },
      {
        "name": "تیر",
        "value": 36
      },
      {
        "name": "مرداد",
        "value": 23
      },
      {
        "name": "شهریور",
        "value": 35
      },
      {
        "name": "مهر",
        "value": 12
      },
      {
        "name": "آبان",
        "value": 26
      },
      {
        "name": "آذر",
        "value": 12
      },
      {
        "name": "دی",
        "value": 26
      },
      {
        "name": "بهمن",
        "value": 12
      },
      {
        "name": "اسفند",
        "value": 30
      }
    ],
    "chart2": [
      {
        "name": "فروردین",
        "value": 13
      },
      {
        "name": "اردیبهشت",
        "value": 24
      },
      {
        "name": "خرداد",
        "value": 13
      },
      {
        "name": "تیر",
        "value": 26
      },
      {
        "name": "مرداد",
        "value": 12
      },
      {
        "name": "شهریور",
        "value": 27
      },
      {
        "name": "مهر",
        "value": 23
      },
      {
        "name": "آبان",
        "value": 12
      },
      {
        "name": "آذر",
        "value": 17
      },
      {
        "name": "دی",
        "value": 25
      },
      {
        "name": "بهمن",
        "value": 27
      },
      {
        "name": "اسفند",
        "value": 36
      }
    ],
    "chart3": [
      {
        "name": "فروردین",
        "value": 14
      },
      {
        "name": "اردیبهشت",
        "value": 26
      },
      {
        "name": "خرداد",
        "value": 24
      },
      {
        "name": "تیر",
        "value": 15
      },
      {
        "name": "مرداد",
        "value": 12
      },
      {
        "name": "شهریور",
        "value": 26
      },
      {
        "name": "مهر",
        "value": 25
      },
      {
        "name": "آبان",
        "value": 12
      },
      {
        "name": "آذر",
        "value": 34
      },
      {
        "name": "دی",
        "value": 23
      },
      {
        "name": "بهمن",
        "value": 12
      },
      {
        "name": "اسفند",
        "value": 33
      }
    ],
    "chart4": [
      {
        "name": "فروردین",
        "value": 12
      },
      {
        "name": "اردیبهشت",
        "value": 24
      },
      {
        "name": "خرداد",
        "value": 36
      },
      {
        "name": "تیر",
        "value": 13
      },
      {
        "name": "مرداد",
        "value": 28
      },
      {
        "name": "شهریور",
        "value": 26
      },
      {
        "name": "مهر",
        "value": 23
      },
      {
        "name": "آبان",
        "value": 12
      },
      {
        "name": "آذر",
        "value": 5
      },
      {
        "name": "دی",
        "value": 25
      },
      {
        "name": "بهمن",
        "value": 12
      },
      {
        "name": "اسفند",
        "value": 30
      }
    ]
  },
  
  {
    "id": "رایتل",
    "chart1": [
      {
        "name": "فروردین",
        "value": 22
      },
      {
        "name": "اردیبهشت",
        "value": 17
      },
      {
        "name": "خرداد",
        "value": 30
      },
      {
        "name": "تیر",
        "value": 14
      },
      {
        "name": "مرداد",
        "value": 28
      },
      {
        "name": "شهریور",
        "value": 15
      },
      {
        "name": "مهر",
        "value": 23
      },
      {
        "name": "آبان",
        "value": 27
      },
      {
        "name": "آذر",
        "value": 31
      },
      {
        "name": "دی",
        "value": 16
      },
      {
        "name": "بهمن",
        "value": 26
      },
      {
        "name": "اسفند",
        "value": 32
      }
    ],
    "chart2": [
      {
        "name": "فروردین",
        "value": 24
      },
      {
        "name": "اردیبهشت",
        "value": 18
      },
      {
        "name": "خرداد",
        "value": 32
      },
      {
        "name": "تیر",
        "value": 15
      },
      {
        "name": "مرداد",
        "value": 30
      },
      {
        "name": "شهریور",
        "value": 16
      },
      {
        "name": "مهر",
        "value": 25
      },
      {
        "name": "آبان",
        "value": 29
      },
      {
        "name": "آذر",
        "value": 34
      },
      {
        "name": "دی",
        "value": 17
      },
      {
        "name": "بهمن",
        "value": 28
      },
      {
        "name": "اسفند",
        "value": 35
      }
    ],
    "chart3": [
      {
        "name": "فروردین",
        "value": 20
      },
      {
        "name": "اردیبهشت",
        "value": 15
      },
      {
        "name": "خرداد",
        "value": 26
      },
      {
        "name": "تیر",
        "value": 12
      },
      {
        "name": "مرداد",
        "value": 25
      },
      {
        "name": "شهریور",
        "value": 14
      },
      {
        "name": "مهر",
        "value": 22
      },
      {
        "name": "آبان",
        "value": 24
      },
      {
        "name": "آذر",
        "value": 30
      },
      {
        "name": "دی",
        "value": 14
      },
      {
        "name": "بهمن",
        "value": 24
      },
      {
        "name": "اسفند",
        "value": 28
      }
    ],
    "chart4": [
      {
        "name": "فروردین",
        "value": 18
      },
      {
        "name": "اردیبهشت",
        "value": 13
      },
      {
        "name": "خرداد",
        "value": 22
      },
      {
        "name": "تیر",
        "value": 10
      },
      {
        "name": "مرداد",
        "value": 20
      },
      {
        "name": "شهریور",
        "value": 12
      },
      {
        "name": "مهر",
        "value": 18
      },
      {
        "name": "آبان",
        "value": 22
      },
      {
        "name": "آذر",
        "value": 26
      },
      {
        "name": "دی",
        "value": 12
      },
      {
        "name": "بهمن",
        "value": 22
      },
      {
        "name": "اسفند",
        "value": 26
      }
    ]
  },
  
  {
    "id": "شاتل",
    "chart1": [
      {
        "name": "فروردین",
        "value": 18
      },
      {
        "name": "اردیبهشت",
        "value": 14
      },
      {
        "name": "خرداد",
        "value": 26
      },
      {
        "name": "تیر",
        "value": 12
      },
      {
        "name": "مرداد",
        "value": 24
      },
      {
        "name": "شهریور",
        "value": 15
      },
      {
        "name": "مهر",
        "value": 20
      },
      {
        "name": "آبان",
        "value": 22
      },
      {
        "name": "آذر",
        "value": 28
      },
      {
        "name": "دی",
        "value": 14
      },
      {
        "name": "بهمن",
        "value": 24
      },
      {
        "name": "اسفند",
        "value": 28
      }
    ],
    "chart2": [
      {
        "name": "فروردین",
        "value": 20
      },
      {
        "name": "اردیبهشت",
        "value": 16
      },
      {
        "name": "خرداد",
        "value": 28
      },
      {
        "name": "تیر",
        "value": 14
      },
      {
        "name": "مرداد",
        "value": 26
      },
      {
        "name": "شهریور",
        "value": 16
      },
      {
        "name": "مهر",
        "value": 22
      },
      {
        "name": "آبان",
        "value": 24
      },
      {
        "name": "آذر",
        "value": 30
      },
      {
        "name": "دی",
        "value": 16
      },
      {
        "name": "بهمن",
        "value": 26
      },
      {
        "name": "اسفند",
        "value": 30
      }
    ],
    "chart3": [
      {
        "name": "فروردین",
        "value": 16
      },
      {
        "name": "اردیبهشت",
        "value": 12
      },
      {
        "name": "خرداد",
        "value": 24
      },
      {
        "name": "تیر",
        "value": 10
      },
      {
        "name": "مرداد",
        "value": 22
      },
      {
        "name": "شهریور",
        "value": 12
      },
      {
        "name": "مهر",
        "value": 18
      },
      {
        "name": "آبان",
        "value": 20
      },
      {
        "name": "آذر",
        "value": 26
      },
      {
        "name": "دی",
        "value": 12
      },
      {
        "name": "بهمن",
        "value": 22
      },
      {
        "name": "اسفند",
        "value": 26
      }
    ],
    "chart4": [
      {
        "name": "فروردین",
        "value": 14
      },
      {
        "name": "اردیبهشت",
        "value": 10
      },
      {
        "name": "خرداد",
        "value": 20
      },
      {
        "name": "تیر",
        "value": 8
      },
      {
        "name": "مرداد",
        "value": 18
      },
      {
        "name": "شهریور",
        "value": 10
      },
      {
        "name": "مهر",
        "value": 16
      },
      {
        "name": "آبان",
        "value": 18
      },
      {
        "name": "آذر",
        "value": 24
      },
      {
        "name": "دی",
        "value": 10
      },
      {
        "name": "بهمن",
        "value": 20
      },
      {
        "name": "اسفند",
        "value": 24
      }
    ]
  },
  

  {
    "id": "سالیانه",
    "chart1": [
      {
        "name": "فروردین",
        "value": 16
      },
      {
        "name": "اردیبهشت",
        "value": 18
      },
      {
        "name": "خرداد",
        "value": 22
      },
      {
        "name": "تیر",
        "value": 14
      },
      {
        "name": "مرداد",
        "value": 20
      },
      {
        "name": "شهریور",
        "value": 12
      },
      {
        "name": "مهر",
        "value": 24
      },
      {
        "name": "آبان",
        "value": 26
      },
      {
        "name": "آذر",
        "value": 30
      },
      {
        "name": "دی",
        "value": 14
      },
      {
        "name": "بهمن",
        "value": 28
      },
      {
        "name": "اسفند",
        "value": 32
      }
    ],
    "chart2": [
      {
        "name": "فروردین",
        "value": 18
      },
      {
        "name": "اردیبهشت",
        "value": 20
      },
      {
        "name": "خرداد",
        "value": 24
      },
      {
        "name": "تیر",
        "value": 16
      },
      {
        "name": "مرداد",
        "value": 22
      },
      {
        "name": "شهریور",
        "value": 14
      },
      {
        "name": "مهر",
        "value": 26
      },
      {
        "name": "آبان",
        "value": 28
      },
      {
        "name": "آذر",
        "value": 32
      },
      {
        "name": "دی",
        "value": 16
      },
      {
        "name": "بهمن",
        "value": 30
      },
      {
        "name": "اسفند",
        "value": 34
      }
    ],
    "chart3": [
      {
        "name": "فروردین",
        "value": 14
      },
      {
        "name": "اردیبهشت",
        "value": 16
      },
      {
        "name": "خرداد",
        "value": 20
      },
      {
        "name": "تیر",
        "value": 12
      },
      {
        "name": "مرداد",
        "value": 18
      },
      {
        "name": "شهریور",
        "value": 10
      },
      {
        "name": "مهر",
        "value": 22
      },
      {
        "name": "آبان",
        "value": 24
      },
      {
        "name": "آذر",
        "value": 28
      },
      {
        "name": "دی",
        "value": 14
      },
      {
        "name": "بهمن",
        "value": 26
      },
      {
        "name": "اسفند",
        "value": 30
      }
    ],
    "chart4": [
      {
        "name": "فروردین",
        "value": 12
      },
      {
        "name": "اردیبهشت",
        "value": 14
      },
      {
        "name": "خرداد",
        "value": 18
      },
      {
        "name": "تیر",
        "value": 10
      },
      {
        "name": "مرداد",
        "value": 16
      },
      {
        "name": "شهریور",
        "value": 8
      },
      {
        "name": "مهر",
        "value": 20
      },
      {
        "name": "آبان",
        "value": 22
      },
      {
        "name": "آذر",
        "value": 26
      },
      {
        "name": "دی",
        "value": 12
      },
      {
        "name": "بهمن",
        "value": 24
      },
      {
        "name": "اسفند",
        "value": 28
      }
    ]
  }
  
  

  
  

]