[
    {
        "id": 1,
        "date": "1403/06/09",
        "ISPName": "همراه اول",
        "TypeOfDisorder": "پکت لاس",
        "Reason": "افتادگی در شبکه منجر به پکت لاس شده است."
    },
    {
        "id": 2,
        "date": "1403/06/11",
        "ISPName": "ایرانسل",
        "TypeOfDisorder": "اختلال",
        "Reason": "به روزرسانی ناگهانی سیستم موجب اختلال در سرویس شد."
    },
    {
        "id": 3,
        "date": "1403/06/10",
        "ISPName": "شاتل",
        "TypeOfDisorder": "کاهش سرعت",
        "Reason": "ترافیک بیش از حد بر روی سرورها موجب کاهش سرعت اینترنت شده است."
    },
    {
        "id": 4,
        "date": "1403/06/14",
        "ISPName": "مخابرات",
        "TypeOfDisorder": "اختلال پینگ",
        "Reason": "خرابی در مسیریاب‌ها اختلال در پینگ ایجاد کرده است."
    },
    {
        "id": 5,
        "date": "1403/06/15",
        "ISPName": "رایتل",
        "TypeOfDisorder": "پکت لاس",
        "Reason": "افتادگی در اتصال میان مراکز داده ایجاد شده است."
    },
    {
        "id": 6,
        "date": "1403/06/13",
        "ISPName": "زیتل",
        "TypeOfDisorder": "اختلال",
        "Reason": "تعمیرات زیرساخت شبکه موجب قطع موقت سرویس شده است."
    },
    {
        "id": 7,
        "date": "1403/06/08",
        "ISPName": "ایرانسل",
        "TypeOfDisorder": "اختلال پینگ",
        "Reason": "اختلال در سرورهای DNS موجب مشکل در پینگ شده است."
    },
    {
        "id": 8,
        "date": "1403/06/12",
        "ISPName": "شاتل",
        "TypeOfDisorder": "کاهش سرعت",
        "Reason": "استفاده بالای کاربران در ساعات پیک موجب کاهش سرعت اینترنت شده است."
    },
    {
        "id": 9,
        "date": "1403/06/10",
        "ISPName": "مخابرات",
        "TypeOfDisorder": "اختلال",
        "Reason": "برق قطع شده و موجب قطعی ناگهانی سرویس شده است."
    },
    {
        "id": 10,
        "date": "1403/06/12",
        "ISPName": "رایتل",
        "TypeOfDisorder": "پکت لاس",
        "Reason": "افتادگی در شبکه مخابراتی منجر به پکت لاس شده است."
    },
    {
        "id": 11,
        "date": "1403/06/13",
        "ISPName": "همراه اول",
        "TypeOfDisorder": "اختلال پینگ",
        "Reason": "اختلال در ارتباط با سرورهای خارجی ایجاد شده است."
    },
    {
        "id": 12,
        "date": "1403/06/15",
        "ISPName": "شاتل",
        "TypeOfDisorder": "اختلال",
        "Reason": "خرابی در زیرساخت شبکه موجب قطع موقت سرویس شده است."
    },
    {
        "id": 13,
        "date": "1403/06/09",
        "ISPName": "زیتل",
        "TypeOfDisorder": "کاهش سرعت",
        "Reason": "محدودیت باند در برخی مناطق موجب کاهش سرعت شده است."
    },
    {
        "id": 14,
        "date": "1403/06/14",
        "ISPName": "ایرانسل",
        "TypeOfDisorder": "پکت لاس",
        "Reason": "خرابی در تجهیزات شبکه ایجاد شده است."
    }
]